state_id,rank,L,C,C_envelope,violation
0,1,0.5919401150323682,0.491474328167642,0.4914743281676418,2.220446049250313e-16
1,1,0.34143064625314234,0.4741895823953792,0.474189582395379,2.220446049250313e-16
2,1,0.8528771471498793,0.35422834304917267,0.3542283430491728,-1.1102230246251565e-16
3,1,0.5297474214713092,0.4991143064627665,0.4991143064627664,1.1102230246251565e-16
4,1,0.2920944055439194,0.45472548179518574,0.4547254817951857,5.551115123125783e-17
5,1,0.6528994756347712,0.47604805466529526,0.4760480546652953,-5.551115123125783e-17
6,1,0.5045654294152693,0.49997915641979945,0.49997915641979934,1.1102230246251565e-16
7,1,0.7482196562806971,0.4340357153920547,0.43403571539205454,1.6653345369377348e-16
8,1,0.28030579112819626,0.44914858854079953,0.4491485885407993,2.220446049250313e-16
9,1,0.3279593074575013,0.4694699139556203,0.46946991395562016,1.6653345369377348e-16
10,1,0.5747502851086155,0.49438081968881104,0.49438081968881104,0.0
11,1,0.642497657372791,0.4792644548088943,0.4792644548088943,0.0
12,1,0.4222070962556627,0.49391119052621646,0.49391119052621624,2.220446049250313e-16
13,1,0.6930046441464633,0.46124744697168485,0.4612474469716846,2.220446049250313e-16
14,1,0.5899887107361651,0.4918353707695727,0.49183537076957246,2.220446049250313e-16
15,1,0.5481863520138948,0.4976726589632919,0.4976726589632919,0.0
16,1,0.5825239252823787,0.49314278029389086,0.4931427802938905,3.3306690738754696e-16
17,1,0.39574457990038703,0.48901002789293957,0.48901002789293924,3.3306690738754696e-16
18,1,0.5559235935645988,0.4968627090885587,0.49686270908855856,1.1102230246251565e-16
19,1,0.577932458813202,0.4938891898627956,0.4938891898627956,0.0
20,1,0.4441471115933523,0.49687066210094827,0.4968706621009481,1.6653345369377348e-16
21,1,0.501720845198489,0.4999970386830335,0.49999703868303347,5.551115123125783e-17
22,1,0.518585028528822,0.4996544773286668,0.49965447732866647,3.3306690738754696e-16
23,1,0.20384442917001006,0.40285466097137673,0.4028546609713766,1.1102230246251565e-16
24,1,0.31687815694977284,0.4652594873808466,0.4652594873808464,2.220446049250313e-16
25,1,0.45491025866169277,0.4979627648991885,0.49796276489918856,-5.551115123125783e-17
26,1,0.4853176776263402,0.4997843829189904,0.49978438291899036,5.551115123125783e-17
27,1,0.4803709976511099,0.4996145536979355,0.4996145536979355,0.0
28,1,0.5958987692391269,0.4907172567359141,0.49071725673591376,3.3306690738754696e-16
29,1,0.30417081646302446,0.4600553563162172,0.4600553563162172,0.0
30,1,0.761029433665958,0.42645472767930376,0.42645472767930387,-1.1102230246251565e-16
31,1,0.5339448688308699,0.49884641512198435,0.49884641512198424,1.1102230246251565e-16
32,1,0.5304958568215941,0.4990691362093202,0.49906913620932003,1.6653345369377348e-16
33,1,0.2756207133972862,0.446826516383772,0.44682651638377197,5.551115123125783e-17
34,1,0.8009444179776837,0.39928994138103846,0.39928994138103857,-1.1102230246251565e-16
35,1,0.612546419696246,0.48716866013071547,0.48716866013071536,1.1102230246251565e-16
36,1,0.43807094784684086,0.4961499697666135,0.4961499697666133,2.220446049250313e-16
37,1,0.7434077624412565,0.43675240260740505,0.43675240260740505,0.0
38,1,0.4998850092112598,0.49999998677711843,0.4999999867771183,1.1102230246251565e-16
39,1,0.867704059561992,0.3388122261395402,0.3388122261395403,-1.1102230246251565e-16
40,1,0.27527273379351624,0.44665160452343633,0.44665160452343633,0.0
41,1,0.15243490086964695,0.35944193114675405,0.35944193114675405,0.0
42,1,0.35803776114409197,0.4794233231070618,0.47942332310706176,5.551115123125783e-17
43,1,0.42235104819868374,0.49393384201141455,0.4939338420114144,1.6653345369377348e-16
44,1,0.32127471903014154,0.46696603082263394,0.466966030822634,-5.551115123125783e-17
45,1,0.7293946419627588,0.4442725494994913,0.444272549499491,2.7755575615628914e-16
46,1,0.4316227768327108,0.49530248873989213,0.4953024887398919,2.220446049250313e-16
47,1,0.2773068311385149,0.44766924457955576,0.4476692445795557,5.551115123125783e-17
48,1,0.6458754622871186,0.47824716361157804,0.478247163611578,5.551115123125783e-17
49,1,0.6585723505717571,0.47418858024434535,0.4741885802443451,2.220446049250313e-16
50,1,0.7184479098433253,0.4497560568631427,0.4497560568631427,0.0
51,1,0.45761927183068923,0.49820063616964505,0.498200636169645,5.551115123125783e-17
52,1,0.3416859730358986,0.47427488745073787,0.47427488745073754,3.3306690738754696e-16
53,1,0.42901603657735893,0.49493562908403876,0.4949356290840387,5.551115123125783e-17
54,1,0.5971355983857418,0.4904739295072103,0.49047392950721025,5.551115123125783e-17
55,1,0.8732797102617305,0.3326593721916138,0.3326593721916137,1.1102230246251565e-16
56,1,0.8575915704213095,0.34946855189504755,0.34946855189504766,-1.1102230246251565e-16
57,1,0.6107344685699381,0.48758371329499256,0.48758371329499245,1.1102230246251565e-16
58,1,0.6937791582849769,0.4609225941677908,0.46092259416779063,1.6653345369377348e-16
59,1,0.47268552556325677,0.4992533620179683,0.4992533620179683,0.0
60,1,0.4356598921498327,0.4958430704586168,0.4958430704586168,0.0
61,1,0.3541858393562025,0.4782658576103304,0.4782658576103304,0.0
62,1,0.6086671752584979,0.4880486092812263,0.4880486092812261,1.6653345369377348e-16
63,1,0.3822994753180574,0.48594916039601876,0.4859491603960186,1.6653345369377348e-16
64,1,0.652511829014687,0.47617238686277774,0.47617238686277774,0.0
65,1,0.8031646831065011,0.3976068094448769,0.39760680944487703,-1.1102230246251565e-16
66,1,0.795495769146784,0.40333887788849554,0.4033388778884953,2.220446049250313e-16
67,1,0.4150853407909759,0.4927367457896919,0.49273674578969173,1.6653345369377348e-16
68,1,0.5808627660352477,0.49341788888236415,0.4934178888823639,2.7755575615628914e-16
69,1,0.3897249250862378,0.48768781802784883,0.4876878180278488,5.551115123125783e-17
70,1,0.7538275167205968,0.4307802128179231,0.4307802128179231,0.0
71,1,0.5242920197390288,0.4994095491447862,0.4994095491447862,0.0
72,1,0.546337271575292,0.4978482271365016,0.49784822713650156,5.551115123125783e-17
73,1,0.5772105356743855,0.49400256394159997,0.4940025639415998,1.6653345369377348e-16
74,1,0.5810634699128385,0.4933849550256782,0.49338495502567803,1.6653345369377348e-16
75,1,0.40433269434772934,0.49076243400369907,0.490762434003699,5.551115123125783e-17
76,1,0.7837113817812882,0.41171331269191697,0.4117133126919169,5.551115123125783e-17
77,1,0.3243723448504408,0.46813985810510483,0.46813985810510467,1.6653345369377348e-16
78,1,0.34753159446716964,0.47618629265685153,0.47618629265685125,2.7755575615628914e-16
79,1,0.49743009499760915,0.49999339554466005,0.4999933955446599,1.6653345369377348e-16
80,1,0.30044619704954245,0.4584520473593833,0.458452047359383,2.7755575615628914e-16
81,1,0.3296297590600908,0.47007869660523594,0.47007869660523577,1.6653345369377348e-16
82,1,0.39012966486586886,0.48777916054041703,0.4877791605404168,2.220446049250313e-16
83,1,0.4605263664359165,0.49843939677080973,0.4984393967708095,2.220446049250313e-16
84,1,0.517740047038212,0.4996851916267703,0.49968519162677016,1.1102230246251565e-16
85,1,0.4588588268840203,0.49830452925358915,0.49830452925358903,1.1102230246251565e-16
86,1,0.8077791610943166,0.39404566739919733,0.39404566739919716,1.6653345369377348e-16
87,1,0.34562053424850026,0.475570163650204,0.4755701636502037,2.7755575615628914e-16
88,1,0.5195282791272781,0.4996185007726667,0.4996185007726667,0.0
89,1,0.26165471133592844,0.43953557691231365,0.43953557691231365,0.0
90,1,0.3123138195720589,0.46343704823456927,0.4634370482345691,1.6653345369377348e-16
91,1,0.5101416297356244,0.4998971367654607,0.4998971367654605,2.220446049250313e-16
92,1,0.47183632901489186,0.49920617748245333,0.49920617748245316,1.6653345369377348e-16
93,1,0.6004296067352012,0.4898100591974534,0.4898100591974534,0.0
94,1,0.5532992924460161,0.4971510690170083,0.49715106901700823,5.551115123125783e-17
95,1,0.45916340674771844,0.49832958235644387,0.4983295823564438,5.551115123125783e-17
96,1,0.4171871653264988,0.4930943463611598,0.49309434636115973,5.551115123125783e-17
97,1,0.3977723035150087,0.4894379409806443,0.48943794098064414,1.6653345369377348e-16
98,1,0.5163305334987245,0.4997332425160919,0.4997332425160918,1.1102230246251565e-16
99,1,0.4054654788941179,0.4909818981584573,0.4909818981584571,1.6653345369377348e-16
100,1,0.5860116912656342,0.4925464333092112,0.49254643330921116,5.551115123125783e-17
101,1,0.3069366021145639,0.4612228576262563,0.46122285762625626,5.551115123125783e-17
102,1,0.6531499102829439,0.4759675461418838,0.47596754614188375,5.551115123125783e-17
103,1,0.14901103150748513,0.35609934568398255,0.35609934568398244,1.1102230246251565e-16
104,1,0.431881457110237,0.49533813109286823,0.4953381310928683,-5.551115123125783e-17
105,1,0.7275654436444686,0.4452122739310948,0.44521227393109475,5.551115123125783e-17
106,1,0.6162363183553277,0.486301468530786,0.4863014685307859,1.1102230246251565e-16
107,1,0.4515778038989342,0.4976497673311523,0.4976497673311522,1.1102230246251565e-16
108,1,0.8549601923361407,0.3521409687279939,0.3521409687279939,0.0
109,1,0.7942696456669439,0.40423430784515474,0.4042343078451547,5.551115123125783e-17
110,1,0.16682425813543492,0.37281889039183197,0.3728188903918318,1.6653345369377348e-16
111,1,0.6637164023448752,0.4724372335064744,0.4724372335064743,5.551115123125783e-17
112,1,0.48688146192972415,0.49982787433165304,0.49982787433165304,0.0
113,1,0.4286825642619798,0.4948876876219022,0.4948876876219021,1.1102230246251565e-16
114,1,0.3602624799476512,0.4800764787923061,0.48007647879230597,1.1102230246251565e-16
115,1,0.4787847349405793,0.4995497097671648,0.4995497097671647,1.1102230246251565e-16
116,1,0.27551570108722057,0.44677376774116667,0.4467737677411666,5.551115123125783e-17
117,1,0.490559532472925,0.4999108696286472,0.4999108696286471,1.1102230246251565e-16
118,1,0.5252616829410068,0.49936143961562357,0.49936143961562357,0.0
119,1,0.7588282377793453,0.42779427687620913,0.4277942768762092,-5.551115123125783e-17
120,1,0.6754237566151945,0.46821630216707877,0.46821630216707855,2.220446049250313e-16
121,1,0.5170201962242585,0.4997102289532282,0.4997102289532282,0.0
122,1,0.6808480856205478,0.4661480128965295,0.4661480128965295,0.0
123,1,0.4842693504256315,0.4997524854004916,0.4997524854004915,1.1102230246251565e-16
124,1,0.45288616249145375,0.4977753371906029,0.4977753371906028,1.1102230246251565e-16
125,1,0.3408189885932911,0.4739846048212298,0.4739846048212296,1.6653345369377348e-16
126,1,0.516227032626285,0.4997366140399817,0.49973661403998154,1.6653345369377348e-16
127,1,0.6268934009779095,0.4836300908631096,0.48363009086310943,1.6653345369377348e-16
128,1,0.455182228569185,0.4979873164689793,0.4979873164689792,1.1102230246251565e-16
129,1,0.4787651985092922,0.4995488796961219,0.49954887969612166,2.220446049250313e-16
130,1,0.6300971252134978,0.4827781457472818,0.4827781457472816,1.6653345369377348e-16
131,1,0.411044126327187,0.4920232235770041,0.49202322357700407,5.551115123125783e-17
132,1,0.27672122424670986,0.4473774561800269,0.447377456180027,-1.1102230246251565e-16
133,1,0.46016970108438227,0.4984110224386019,0.4984110224386019,0.0
134,1,0.4497700322060406,0.4974705522293937,0.49747055222939357,1.1102230246251565e-16
135,1,0.5489262381087647,0.4976004654585087,0.49760046545850867,5.551115123125783e-17
136,1,0.4126026129252873,0.4923024443698334,0.49230244436983334,5.551115123125783e-17
137,1,0.4417279470115065,0.4965927585461816,0.49659275854618157,5.551115123125783e-17
138,1,0.31038958529220245,0.4626530996700844,0.4626530996700844,0.0
139,1,0.5398501667360552,0.49840943431190066,0.49840943431190043,2.220446049250313e-16
140,1,0.5939423477534691,0.49109554599748323,0.49109554599748334,-1.1102230246251565e-16
141,1,0.30325170646903005,0.45966303853219626,0.4596630385321962,5.551115123125783e-17
142,1,0.5861308486104533,0.4925256104180201,0.49252561041801995,1.6653345369377348e-16
143,1,0.8449997890642307,0.3619048846667263,0.3619048846667261,2.220446049250313e-16
144,1,0.658358368567043,0.4742600838198221,0.474260083819822,1.1102230246251565e-16
145,1,0.38572292113880396,0.48676559990097096,0.4867655999009708,1.6653345369377348e-16
146,1,0.4807848312842123,0.49963064086505343,0.49963064086505327,1.6653345369377348e-16
147,1,0.3458033688142083,0.4756294765160723,0.47562947651607224,5.551115123125783e-17
148,1,0.6417858950492132,0.4794755050730889,0.47947550507308867,2.220446049250313e-16
149,1,0.47853727691417774,0.4995391391249953,0.4995391391249952,1.1102230246251565e-16
150,1,0.4868836355464211,0.4998279313759096,0.4998279313759095,1.1102230246251565e-16
151,1,0.5649743005383319,0.49576036577116034,0.49576036577116017,1.6653345369377348e-16
152,1,0.486942429155328,0.49982947076341583,0.4998294707634159,-5.551115123125783e-17
153,1,0.7209592436265357,0.4485276052329324,0.4485276052329324,0.0
154,1,0.46603410551587854,0.4988449839498176,0.49884498394981736,2.220446049250313e-16
155,1,0.50930049774397,0.4999134932582981,0.49991349325829804,5.551115123125783e-17
156,1,0.570599043001796,0.494990681858993,0.49499068185899275,2.220446049250313e-16
157,1,0.364618844218576,0.48132311668907585,0.4813231166890759,-5.551115123125783e-17
158,1,0.7457010919573253,0.4354663860862031,0.435466386086203,1.1102230246251565e-16
159,1,0.5257093213712992,0.4993385933358519,0.4993385933358519,0.0
160,1,0.20334665906610533,0.4024882548755409,0.402488254875541,-1.1102230246251565e-16
161,1,0.3639567763509603,0.4811364061253082,0.481136406125308,2.220446049250313e-16
162,1,0.813321402470173,0.38965330584267344,0.3896533058426732,2.220446049250313e-16
163,1,0.7595922476101508,0.4273310952653814,0.42733109526538104,3.3306690738754696e-16
164,1,0.6672513845511134,0.471197383657566,0.47119738365756614,-1.1102230246251565e-16
165,1,0.4028524505453814,0.49047156251403845,0.4904715625140385,-5.551115123125783e-17
166,1,0.557672298284219,0.4966627688991961,0.49666276889919586,2.220446049250313e-16
167,1,0.7233709721344874,0.4473314306056462,0.4473314306056462,0.0
168,1,0.5229357437542075,0.4994736746400569,0.4994736746400568,5.551115123125783e-17
169,1,0.41005938164484407,0.4918441675672208,0.4918441675672206,2.220446049250313e-16
170,1,0.34682498079793905,0.47595946622842616,0.47595946622842605,1.1102230246251565e-16
171,1,0.5015610799004977,0.4999975630236053,0.49999756302360543,-1.1102230246251565e-16
172,1,0.3889576910407426,0.48751369788037424,0.4875136978803743,-5.551115123125783e-17
173,1,0.4763346880411423,0.49943963900544586,0.49943963900544575,1.1102230246251565e-16
174,1,0.5917441725537731,0.4915109427087291,0.491510942708729,5.551115123125783e-17
175,1,0.8173271201260929,0.386398109250654,0.3863981092506539,1.1102230246251565e-16
176,1,0.5740285499282173,0.4944894071621002,0.4944894071621003,-1.1102230246251565e-16
177,1,0.3560255063235735,0.4788228745273317,0.47882287452733147,2.220446049250313e-16
178,1,0.4333029027727292,0.49553152999729094,0.4955315299972909,5.551115123125783e-17
179,1,0.2515957438738984,0.4339300929164032,0.43393009291640294,2.7755575615628914e-16
180,1,0.25278069671385395,0.4346062770861836,0.43460627708618355,5.551115123125783e-17
181,1,0.586549564228287,0.492452203702952,0.4924522037029519,1.1102230246251565e-16
182,1,0.5892807799127592,0.4919643710048214,0.4919643710048213,5.551115123125783e-17
183,1,0.41095621379571434,0.4920073212243956,0.49200732122439544,1.6653345369377348e-16
184,1,0.5990952664006156,0.49008175662535236,0.4900817566253523,5.551115123125783e-17
185,1,0.5631914011426672,0.4959907729198462,0.4959907729198463,-5.551115123125783e-17
186,1,0.6993420512180667,0.45854415994119235,0.45854415994119224,1.1102230246251565e-16
187,1,0.5065663350841603,0.4999568813843478,0.4999568813843475,2.7755575615628914e-16
188,1,0.2661390805848368,0.4419378580414838,0.44193785804148367,1.1102230246251565e-16
189,1,0.6970678314964727,0.45952613613294946,0.4595261361329493,1.6653345369377348e-16
190,1,0.5134320426354267,0.49981954766759606,0.4998195476675958,2.7755575615628914e-16
191,1,0.338910130929485,0.4733392589706082,0.473339258970608,1.6653345369377348e-16
192,1,0.33566330982657644,0.47222182527160306,0.47222182527160284,2.220446049250313e-16
193,1,0.3065308660985868,0.46105281067079196,0.46105281067079185,1.1102230246251565e-16
194,1,0.7868307752603758,0.40954622005767777,0.4095462200576777,5.551115123125783e-17
195,1,0.7525361174168285,0.43153853756070704,0.4315385375607071,-5.551115123125783e-17
196,1,0.28703318975704,0.4523772073556968,0.4523772073556968,0.0
197,1,0.6735116999743354,0.4689282354177624,0.46892823541776224,1.6653345369377348e-16
198,1,0.18844837295116415,0.39106979387728624,0.3910697938772862,5.551115123125783e-17
199,1,0.48575226988672515,0.4997969609617682,0.49979696096176823,-5.551115123125783e-17
200,2,0.4013868252265434,0.485213150873804,0.4901789895141363,-0.004965838640332287
201,2,0.4480719319048645,0.4528383519340473,0.49729616502030954,-0.04445781308626223
202,2,0.45250920968737185,0.4267757373557259,0.49773951504324226,-0.07096377768751638
203,2,0.6421355543160263,0.4687114848383728,0.47937196851638697,-0.010660483678014143
204,2,0.35488057997061756,0.3051753368464177,0.4784771195473569,-0.1733017827009392
205,2,0.5978889223113357,0.4806753762388149,0.49032413655532525,-0.009648760316510352
206,2,0.30316320241905825,0.43535509978622355,0.45962514630737883,-0.024270046521155275
207,2,0.499245775208084,0.3879909514474715,0.4999994311446397,-0.1120084796971682
208,2,0.35020677581719784,0.4512954002923315,0.47703457944778044,-0.025739179155448932
209,2,0.5289550529497311,0.44838862315661526,0.4991609008212465,-0.050772277664631216
210,2,0.47580031925641453,0.49468354607273224,0.4994140320935211,-0.004730486020788849
211,2,0.5444134226786457,0.4629580088020139,0.49802354149775685,-0.035065532695742974
212,2,0.5070653053390516,0.49554539947105924,0.4999500789683566,-0.004404679497297337
213,2,0.5386967256492301,0.4965013334980304,0.49850031436703046,-0.0019989808690000777
214,2,0.4849972559953846,0.4594489992580958,0.49977486698745865,-0.04032586772936286
215,2,0.40855605811544526,0.4618148679721654,0.49156688811657584,-0.029752020144410418
216,2,0.3910315476048053,0.48113452392440725,0.4879814303665624,-0.006846906442155132
217,2,0.6116691636981884,0.48364086135432066,0.4873704934430758,-0.0037296320887551526
218,2,0.46573658695302356,0.47465240086780586,0.49882463704830404,-0.024172236180498186
219,2,0.47230925570956817,0.4688163226982069,0.49923263382980276,-0.030416311131595875
220,2,0.4847171742719508,0.47813522458571167,0.4997663806597699,-0.021631156074058244
221,2,0.492373770534819,0.3589905657435449,0.4999418372412379,-0.14095127149769304
222,2,0.45674995218934,0.40376926483718273,0.49812592119300075,-0.09435665635581802
223,2,0.5484018613166279,0.4711849705971217,0.49765174552199243,-0.026466774924870706
224,2,0.30828685143762646,0.4452180969944419,0.4617857389182794,-0.016567641923837473
225,2,0.4446096260722494,0.45929257785616584,0.49692243507024714,-0.0376298572140813
226,2,0.6165555681758774,0.4197400662543923,0.48622505028761975,-0.06648498403322745
227,2,0.34180290269523994,0.4292952971903811,0.47431390281579167,-0.045018605625410546
228,2,0.36799386324376765,0.4669307780857264,0.4822596602025665,-0.015328882116840081
229,2,0.6194028560193634,0.4457290892652973,0.4855336836661481,-0.03980459440085077
230,2,0.5827174076602775,0.4831144638977153,0.4931103633771688,-0.009995899479453507
231,2,0.3658304470157523,0.4349795345228693,0.48166225828064124,-0.04668272375777194
232,2,0.4211380477756076,0.4865390022565383,0.49374162523667947,-0.007202622980141182
233,2,0.490983942324448,0.4457139648723645,0.49991870409496697,-0.054204739222602494
234,2,0.6635600101097792,0.46890254612354676,0.472491400020031,-0.003588853896484223
235,2,0.38766599624132375,0.4857009765756104,0.48721768399714893,-0.0015167074215385323
236,2,0.6161606922017691,0.4841117262409646,0.4863195385620506,-0.0022078123210860223
237,2,0.5038495092531063,0.4928248912142945,0.4999851810589092,-0.007160289844614698
238,2,0.6327348394571981,0.48013421139094314,0.4820596046074301,-0.001925393216486937
239,2,0.4182006908562827,0.4613765533974933,0.4932634924901807,-0.031886939092687416
240,2,0.5087490461521402,0.49308169724033685,0.4999234483312697,-0.006841751090932879
241,2,0.569803562157612,0.487192244920724,0.49510348686926897,-0.007911241948544978
242,2,0.551462307322678,0.397970688697246,0.49734457966788603,-0.09937389097064003
243,2,0.5428882850315958,0.47744444616569404,0.49815719909186157,-0.020712752926167532
244,2,0.5569927683699797,0.4505000796756584,0.4967412046061066,-0.046241124930448185
245,2,0.32787027942342317,0.4541111394334665,0.46943727940400043,-0.015326139970533947
246,2,0.32227864859005306,0.4578884591267024,0.4673490357891221,-0.009460576662419728
247,2,0.49342020810874443,0.450686979269263,0.49995670446416435,-0.04926972519490136
248,2,0.48996029190990764,0.47664862947062836,0.4998991940996362,-0.02325056462900782
249,2,0.5848610114083033,0.4636657595901578,0.492745988053439,-0.029080228463281177
250,2,0.6161354579515359,0.47103300587094876,0.4863255652403923,-0.015292559369443515
251,2,0.42281542202275973,0.4863374474153547,0.4940066203225168,-0.007669172907162125
252,2,0.35864731832362795,0.46608765420451437,0.47960339801016655,-0.01351574380565218
253,2,0.6514872431164234,0.4744522949018527,0.47649933386415727,-0.0020470389623045704
254,2,0.5008774162857226,0.4932844748780451,0.49999923014006886,-0.006714755262023753
255,2,0.4745043049704117,0.4695802032582731,0.4993495464451312,-0.029769343186858088
256,2,0.5194483801432923,0.48170182360216257,0.49962161733636185,-0.017919793734199274
257,2,0.5430970382430957,0.496475892995232,0.498139182653476,-0.001663289658244027
258,2,0.49850756730229023,0.4451752328079125,0.49999777263968165,-0.05482253983176916
259,2,0.4445526025906782,0.42027788913719477,0.4969160755303985,-0.07663818639320374
260,2,0.5960278836072778,0.48861931066631104,0.49069200683311226,-0.0020726961668012245
261,2,0.5891953673345178,0.4508300703714064,0.49197986386239473,-0.04114979349098835
262,2,0.3878438129210743,0.4774330108081215,0.4872586476399542,-0.009825636831832685
263,2,0.6716829546572722,0.4472286344524791,0.4696008550675233,-0.02237222061504418
264,2,0.5515164660767357,0.48866920262019853,0.4973389726564414,-0.008669770036242863
265,2,0.5320502591852998,0.48311017695816666,0.49897172353366387,-0.01586154657549721
266,2,0.6277632416315857,0.4162736382245671,0.48340102822376063,-0.06712738999919354
267,2,0.5405822052517054,0.4597515465711159,0.4983503633157183,-0.038598816744602416
268,2,0.4818471016912062,0.4557798318322159,0.4996703636228494,-0.043890531790633514
269,2,0.42899661965932145,0.46412284436723006,0.49493284390934994,-0.03080999954211988
270,2,0.4869772793408957,0.4884660078521331,0.49983037997568225,-0.011364372123549127
271,2,0.20108338093047218,0.31991765441144215,0.4008102479279226,-0.08089259351648043
272,2,0.5788235514896047,0.4767601454981397,0.49374775719041564,-0.016987611692275917
273,2,0.4848392339122949,0.47732928033217853,0.49977009831685,-0.022440817984671457
274,2,0.3067354803143454,0.42774486087815144,0.4611386184550945,-0.03339375757694307
275,2,0.66535960801363,0.3840781584719925,0.4718645992629439,-0.08778644079095138
276,2,0.6583864037530192,0.4709041755666187,0.4742507217771899,-0.003346546210571233
277,2,0.6212581653808124,0.48337254512246963,0.4850736617550777,-0.0017011166326080795
278,2,0.5865110475961599,0.47340571021818045,0.4924589715334821,-0.01905326131530166
279,2,0.6504016855177578,0.4681522870830632,0.4768430905375661,-0.008690803454502904
280,2,0.7443076925014054,0.41791868806607874,0.43624964342064365,-0.018330955354564915
281,2,0.6847327828643042,0.4477846246465407,0.46462221097921036,-0.016837586332669685
282,2,0.31109554293070685,0.41031891712262036,0.46294179558488296,-0.0526228784622626
283,2,0.5940494964243197,0.43784774586897973,0.4910750372624655,-0.053227291393485754
284,2,0.32665417890844956,0.4294843965125079,0.4689895801721997,-0.0395051836596918
285,2,0.692517919013701,0.4447769056446845,0.46145081087655926,-0.016673905231874786
286,2,0.5490951344112676,0.4907625930786935,0.4975838298991835,-0.006821236820489962
287,2,0.33188680688232547,0.3777753377129177,0.4708905969540902,-0.09311525924117248
288,2,0.40462842901707297,0.46993912945880045,0.4908199908808203,-0.020880861422019836
289,2,0.5237140140494911,0.4787593430084121,0.4994373289389376,-0.0206779859305255
290,2,0.5580759978008561,0.49609468977974347,0.49661572516326435,-0.0005210353835208847
291,2,0.5829133064489656,0.45996296798015673,0.49307746208248043,-0.0331144941023237
292,2,0.635021517240531,0.40520397735176217,0.48142412681757546,-0.07622014946581329
293,2,0.4346211383815935,0.4373599219503059,0.49570717611658727,-0.05834725416628139
294,2,0.5852509790017333,0.48938834932811687,0.49267866868705207,-0.003290319358935201
295,2,0.5409895995159555,0.4738787346489335,0.4983170203108876,-0.024438285661954107
296,2,0.4956963908653854,0.4547798430393579,0.4999814786053744,-0.045201635566016474
297,2,0.475715600024303,0.45840659319468047,0.4994099197230872,-0.041003326528406714
298,2,0.27824405622850246,0.40718380434754897,0.448134244844123,-0.040950440496574037
299,2,0.42566774468965873,0.4453724556611944,0.49444384496166827,-0.04907138930047389
300,2,0.5889144661737322,0.4851822965285166,0.4920307080915176,-0.006848411563001033
301,2,0.4574077717704512,0.4663745292132579,0.4981825991485873,-0.03180806993532942
302,2,0.6953838768842078,0.45091676518731877,0.46024465304194107,-0.009327887854622297
303,2,0.34938647345072654,0.4628551755529602,0.47677622174390294,-0.013921046190942754
304,2,0.5864815844484386,0.3728009363481197,0.49246414646275277,-0.11966321011463305
305,2,0.49123132563005256,0.48731965858595816,0.4999231044368662,-0.012603445850908057
306,2,0.33542022809436145,0.43562317359594216,0.4721371608754049,-0.036513987279462756
307,2,0.46273997328559746,0.48886975067026595,0.4986097576354097,-0.009740006965143766
308,2,0.48138554177135,0.45450448118213144,0.49965338180067775,-0.04514890061854632
309,2,0.63316888614241,0.38698673505949427,0.48193987982277403,-0.09495314476327976
310,2,0.47231344147827115,0.4815420231451668,0.4992328659826223,-0.017690842837455478
311,2,0.356598731373709,0.4592059207613386,0.4789948602609117,-0.01978893949957311
312,2,0.5471050738609896,0.49729691662685793,0.4977761665814774,-0.00047924995461945397
313,2,0.40476788649057904,0.48229015028628663,0.49084706839964803,-0.0085569181133614
314,2,0.6099702362595505,0.4809521562147492,0.48775664745548947,-0.006804491240740285
315,2,0.3659246325227415,0.45748644249789533,0.4816884842258927,-0.024202041727997392
316,2,0.33193013320949427,0.4377020117818432,0.47090606268875074,-0.033204050906907534
317,2,0.20693675008083873,0.40318757944166794,0.40510977715530294,-0.0019221977136349988
318,2,0.4589739060365149,0.47415736176190537,0.4983140170756782,-0.024156655313772812
319,2,0.30216028218003527,0.42959069054645727,0.45919434453498736,-0.0296036539885301
320,2,0.40467167341174204,0.44520004798308704,0.4908283917520282,-0.04562834376894115
321,2,0.5859264902193516,0.4693677482383059,0.4925613040816175,-0.02319355584331162
322,2,0.5235623783928822,0.48944209949750117,0.4994445057506095,-0.010002406253108331
323,2,0.48202043553435403,0.48949411790611597,0.49967663069391755,-0.010182512787801579
324,2,0.4637994768378724,0.4780866409403466,0.4986878002546165,-0.020601159314269923
325,2,0.5574303151351587,0.49170384252654487,0.49669080815279476,-0.004986965626249895
326,2,0.5301971182900584,0.4874490714344195,0.49908730102756194,-0.011638229593142424
327,2,0.48037830663417813,0.49660078895596405,0.49961484080184976,-0.0030140518458857124
328,2,0.3030766668103604,0.41200905892971085,0.4595880773534951,-0.04757901842378426
329,2,0.5430313015914678,0.4978772419424041,0.498144865559552,-0.00026762361714788296
330,2,0.45971091430828914,0.4866255708532019,0.4983741461734607,-0.011748575320258803
331,2,0.23687480235400987,0.4188493639938997,0.42516482728908633,-0.0063154632951866185
332,2,0.6034534196656016,0.44905845277061796,0.4891803245833717,-0.04012187181275373
333,2,0.2712391249355447,0.4265372528049821,0.44459921506874556,-0.018061962263763442
334,2,0.4372370713706813,0.48312722723229945,0.49604517414230637,-0.012917946910006917
335,2,0.3709290803490236,0.47970508050114463,0.48305351432367327,-0.0033484338225286403
336,2,0.5380953500044978,0.4021584104784398,0.49854663202957733,-0.09638822155113752
337,2,0.483010141923057,0.41269634601914346,0.4997112613525188,-0.08701491533337535
338,2,0.6592323075714773,0.4723647144944075,0.47396737464245625,-0.0016026601480487734
339,2,0.5259256982258267,0.4717050370972325,0.4993274057885301,-0.027622368691297583
340,2,0.7460919195687661,0.3940220846349978,0.43524563998156257,-0.041223555346564744
341,2,0.6234879267780291,0.46215711355877287,0.4845108171548538,-0.02235370359608091
342,2,0.5440135787248813,0.4847695288974529,0.4980590375526065,-0.013289508655153603
343,2,0.44601840248789937,0.47636918491745206,0.4970774458070307,-0.020708260889578667
344,2,0.7016797409951059,0.4562830378166663,0.4575207996060365,-0.0012377617893701842
345,2,0.6457820482098136,0.4662634075432192,0.47827564690223523,-0.01201223935901602
346,2,0.48998601742392944,0.48377066286924625,0.4998997100949011,-0.016129047225654836
347,2,0.7273090557614176,0.41914367758506355,0.44534323074326926,-0.026199553158205713
348,2,0.5826867645891188,0.46823582947215764,0.4931155026581335,-0.024879673185975837
349,2,0.5846319023363277,0.47951302088320774,0.49278539051694126,-0.013272369633733516
350,2,0.46718167193799365,0.4944630336504664,0.49892179481679744,-0.004458761166331038
351,2,0.5167377539908011,0.42361249552255914,0.4997197690619648,-0.07610727353940566
352,2,0.4263393034438342,0.442583087130476,0.4945443375298725,-0.051961250399396475
353,2,0.5655973941628063,0.45203239673455897,0.4956783048299062,-0.04364590809534724
354,2,0.6394996671105768,0.47708794995324133,0.48014564756544265,-0.0030576976122013155
355,2,0.499839021987029,0.4719847876825488,0.49999997408607866,-0.028015186403529846
356,2,0.3460117832411518,0.46710203299332165,0.47569699294764306,-0.008594959954321413
357,2,0.356351544778169,0.47045995630600324,0.47892078813973155,-0.00846083183372831
358,2,0.619097546856075,0.48300974598074226,0.4856086637745099,-0.002598917793767641
359,2,0.5915345440083171,0.4874903771118582,0.491550025178709,-0.004059648066850774
360,2,0.45023921896671804,0.46135355178300336,0.4975177028719257,-0.03616415108892235
361,2,0.32887147577860093,0.4630283545458471,0.46980318027638557,-0.006774825730538447
362,2,0.35462767936527095,0.4503468935169394,0.4784003432202715,-0.028053449703332067
363,2,0.6314470513837505,0.48157904869195695,0.4824123471497363,-0.0008332984577793523
364,2,0.7400991636258984,0.4246084626576737,0.43857997175674135,-0.013971509099067636
365,2,0.3463309292057566,0.4535651202065273,0.47580018566750665,-0.022235065460979364
366,2,0.6421880865600991,0.45560792591632354,0.4793563893809884,-0.02374846346466486
367,2,0.6061321234343802,0.48069813542257867,0.48860615261712526,-0.00790801719454659
368,2,0.5158758822879972,0.4892346774954175,0.49974789280353915,-0.01051321530812166
369,2,0.4235973607777237,0.4854130755071123,0.4941281581936721,-0.008715082686559794
370,2,0.5361361516764933,0.4268646944325456,0.49869246890444763,-0.07182777447190203
371,2,0.7537655058956115,0.4220243446452074,0.4308167452845169,-0.008792400639309528
372,2,0.5695556585609554,0.3859733590953615,0.49513837496416274,-0.10916501586880123
373,2,0.5036078833743497,0.4825550576210764,0.499986983008115,-0.017431925387038583
374,2,0.6341468947875495,0.4721581942638971,0.4816685692661066,-0.009510375002209526
375,2,0.5942922124361352,0.4670955831598623,0.49102849069468335,-0.023932907534821024
376,2,0.49828528362211416,0.462597236416488,0.4999970597390983,-0.037399823322610326
377,2,0.4079888613155651,0.45596040719615644,0.4914610364596503,-0.035500629263493844
378,2,0.3458487173711314,0.3988661467049682,0.4756441758960943,-0.07677802919112608
379,2,0.3780248803102073,0.4782484305108583,0.4848938751692588,-0.006645444658400501
380,2,0.48857780580854515,0.4675572128773653,0.4998695164538969,-0.03231230357653159
381,2,0.4692874735783997,0.46170510432899614,0.4990558493002587,-0.03735074497126256
382,2,0.41480651177788164,0.4877918522900128,0.4926886131874247,-0.004896760897411867
383,2,0.6031678237248526,0.43925205475445983,0.48924063623934366,-0.04998858148488383
384,2,0.750278349294424,0.4309959509400096,0.43285187752215915,-0.0018559265821495585
385,2,0.32418431052036134,0.4554251039971407,0.46806927193824555,-0.012644167941104845
386,2,0.617419531810152,0.4828153646416525,0.48601713297936805,-0.0032017683377155715
387,2,0.781990707789388,0.409583885824343,0.41289374022917813,-0.003309854404835111
388,2,0.49657234464840067,0.47636572281575695,0.49998825104075256,-0.02362252822499561
389,2,0.5791718382842518,0.42518299807487525,0.49369202953125774,-0.06850903145638249
390,2,0.5932370297449789,0.48647623083816555,0.4912299423735629,-0.004753711535397331
391,2,0.4627399944121685,0.4882423749378132,0.4986097592141521,-0.010367384276338931
392,2,0.6029902903137616,0.4853860651104398,0.4892780396677201,-0.0038919745572802977
393,2,0.5030950389979411,0.4009163603752601,0.49999042064183713,-0.09907406026657706
394,2,0.5826404107923489,0.4879129522345418,0.49312327313164994,-0.005210320897108156
395,2,0.5843764170376922,0.4579869365652443,0.49282919987342616,-0.03484226330818185
396,2,0.6128929244377367,0.41371339341480695,0.4870884802701615,-0.07337508685535454
397,2,0.5079172109545528,0.4388419690670608,0.4999373138411466,-0.06109534477408579
398,2,0.4065413988876524,0.4625050326985067,0.49118783563736906,-0.028682802938862384
399,2,0.5945836655337693,0.4672089346915708,0.4909724332528213,-0.023763498561250485
400,4,0.4655156272428997,0.3611653135643244,0.4988094105322686,-0.13764409696794422
401,4,0.677595275176011,0.4492794614881425,0.467396960019165,-0.018117498531022458
402,4,0.4311659616605259,0.45310091556130216,0.4952392100448831,-0.04213829448358092
403,4,0.5573776300248219,0.4582388362786726,0.49669689708386006,-0.03845806080518743
404,4,0.4277588872577608,0.4281172224624777,0.49475369794450563,-0.06663647548202795
405,4,0.4480596166055767,0.4315095973815658,0.4972948788926348,-0.065785281511069
406,4,0.6322470643886631,0.4637776241493711,0.48219364778124235,-0.018416023631871226
407,4,0.5597092738185687,0.3992493014638676,0.49642200053992286,-0.09717269907605525
408,4,0.34655662951527094,0.4197030728514709,0.47587302093550776,-0.05616994808403686
409,4,0.5205319681721076,0.4780285726457982,0.4995782604187051,-0.021549687772906945
410,4,0.46241736515708415,0.3627797427253863,0.49858554487496326,-0.13580580214957694
411,4,0.44196347939791925,0.4365844314022625,0.4966203401758775,-0.06003590877361498
412,4,0.5416376857785121,0.43519985393862276,0.49826328695079464,-0.06306343301217188
413,4,0.5255011675061092,0.41329712099284815,0.4993492670023912,-0.08605214600954303
414,4,0.40915120894992907,0.46192559644929376,0.4916772286416573,-0.029751632192363542
415,4,0.580285808527667,0.4491551142230392,0.4935120960514127,-0.0443569818283735
416,4,0.551922850177084,0.4160465360394692,0.4972967098518631,-0.08125017381239391
417,4,0.557236979560705,0.4328908658298805,0.4967131246210104,-0.0638222587911299
418,4,0.5348263344831378,0.43989368485769054,0.49878565178488105,-0.05889196692719051
419,4,0.5669521886910687,0.4411409082707269,0.4954971285784364,-0.054356220307709535
420,4,0.4068388327757822,0.3934747816974605,0.49124433525631755,-0.09776955355885708
421,4,0.4580936836507219,0.471881858384157,0.4982407657448698,-0.02635890736071278
422,4,0.35784286029098833,0.3638276949775924,0.4793655678391519,-0.11553787286155953
423,4,0.4132753410343908,0.42524183488325096,0.4924213983239343,-0.06717956344068332
424,4,0.42618013082365896,0.4174970778337495,0.4945206031246705,-0.07702352529092099
425,4,0.5731846385649602,0.42495064543282807,0.49461501056692175,-0.06966436513409369
426,4,0.4118935409797261,0.4564226465587297,0.49217603748954375,-0.03575339093081403
427,4,0.6187360732938331,0.4704750845303727,0.4856971740691534,-0.015222089538780736
428,4,0.35073866716966096,0.39785902987357086,0.4772012725482936,-0.07934224267472273
429,4,0.3771539160130679,0.4061992202116225,0.4846739518986714,-0.07847473168704888
430,4,0.589310003251017,0.4616693417328733,0.49195906671114753,-0.030289724978274257
431,4,0.502137413729486,0.4370215447087304,0.4999954314416773,-0.0629738867329469
432,4,0.6231218888561887,0.4047585992959322,0.4846039625142208,-0.07984536321828856
433,4,0.46906436846588656,0.44408070701572533,0.4990420690699187,-0.054961362054193386
434,4,0.5584917904804179,0.4035630757896214,0.4965669244385845,-0.0930038486489631
435,4,0.43669044245551125,0.44894639774583217,0.4959757049730572,-0.04702930722722504
436,4,0.6529285966084472,0.3325206429032069,0.4760387004639127,-0.14351805756070585
437,4,0.4503178512067224,0.4378851043457255,0.49752556124412606,-0.059640456898400585
438,4,0.49532559982459445,0.47105032980568157,0.4999781495055561,-0.028927819699874513
439,4,0.4332888535963789,0.4059383182116459,0.49552963881640283,-0.08959132060475694
440,4,0.47678599870209437,0.4239210510993117,0.49946081942805165,-0.07553976832873993
441,4,0.5229784681200199,0.4582538867230634,0.4994717109134983,-0.041217824190434904
442,4,0.35735857422368744,0.3425472866537335,0.4792216852903265,-0.13667439863659298
443,4,0.6106782258406274,0.4371864481957847,0.4875964830931116,-0.05041003489732687
444,4,0.5236511812925639,0.42623787052394563,0.4994403083687442,-0.07320243784479857
445,4,0.4536254837337004,0.3440105002380499,0.4978447591780662,-0.1538342589400163
446,4,0.4316956010248202,0.42415099349059887,0.49531253676909837,-0.0711615432784995
447,4,0.621092124288577,0.406786276811484,0.485115138328294,-0.07832886151681001
448,4,0.5300812849725037,0.42938911791651235,0.49909429599465777,-0.06970517807814541
449,4,0.3677204650726794,0.4030265038234834,0.48218474119305327,-0.0791582373695699
450,4,0.5608786939829004,0.4371739468017785,0.496279945815803,-0.05910599901402447
451,4,0.5374763452817284,0.41729223825509787,0.49859354542986684,-0.08130130717476897
452,4,0.6112088746349507,0.44729164650761183,0.48747572883419316,-0.04018408232658133
453,4,0.40055331429274244,0.43332217020854985,0.49001056794914327,-0.05668839774059342
454,4,0.3938227008400426,0.4151461063469252,0.4885963376275931,-0.07345023128066785
455,4,0.50342982276745,0.39627134020349536,0.49998823617739635,-0.10371689597390099
456,4,0.44968448098241875,0.4058295394609445,0.4974619066280266,-0.09163236716708206
457,4,0.5064246493006135,0.411405829348102,0.4999587221775055,-0.08855289282940348
458,4,0.6180257001718663,0.32745406652283326,0.4858702852603159,-0.15841621873748263
459,4,0.5231833822426603,0.45627814039433073,0.4994622416036979,-0.043184101209367165
460,4,0.5259859236283035,0.40208306379520903,0.4993242751691369,-0.09724121137392788
461,4,0.5237881975575212,0.4519061075741108,0.49943380107574253,-0.04752769350163172
462,4,0.46498381481885337,0.46677176006330884,0.49877235967459105,-0.03200059961128221
463,4,0.5518906435302164,0.44698011265963106,0.4973000715001155,-0.05031995884048446
464,4,0.445654519372273,0.4199635405031437,0.4970377940713778,-0.07707425356823411
465,4,0.5015690069761076,0.426222462734474,0.49999753821104853,-0.07377507547657453
466,4,0.49415348164181117,0.4221066964936483,0.4999658170546136,-0.07785912056096533
467,4,0.5985133059694108,0.4057474169603644,0.49019907032447263,-0.0844516533641082
468,4,0.435149242489367,0.38233784241268387,0.4957765416498617,-0.11343869923717781
469,4,0.3275779739889856,0.41379042265427374,0.469329995787886,-0.05553957313361224
470,4,0.5157070013638755,0.4428109517528293,0.49975322921233356,-0.056942277459504254
471,4,0.5321381646951813,0.41542924222152927,0.4989660693574518,-0.08353682713592253
472,4,0.4677777358826848,0.4529306080859209,0.4989606454372469,-0.04603003735132599
473,4,0.4387122913113775,0.4223179145585046,0.49622960085397827,-0.07391168629547368
474,4,0.4862978630798039,0.41243188702675154,0.49981221618105753,-0.08738032915430599
475,4,0.5329745825736502,0.47005147298976746,0.4989114920545462,-0.028860019064778752
476,4,0.4031238548418362,0.4224247754156573,0.49052524144970805,-0.06810046603405073
477,4,0.4105272938838566,0.42201245575933927,0.49192950192101126,-0.06991704616167199
478,4,0.5590216186838068,0.4649657125900045,0.4965042281068141,-0.031538515516809584
479,4,0.39750048290237394,0.4619058514536288,0.4893810876962385,-0.027475236242609724
480,4,0.5619098314192494,0.44006660203210807,0.4961523685055228,-0.05608576647341473
481,4,0.4473825422720096,0.4130025414725466,0.49722369527431326,-0.08422115380176665
482,4,0.47130309004988263,0.4051139676132853,0.49917580806697237,-0.0940618404536871
483,4,0.5105940325340332,0.42807526457371164,0.49988775387547535,-0.0718124893017637
484,4,0.601489160984673,0.4146677540755912,0.48959161573971743,-0.07492386166412623
485,4,0.42698082060933185,0.4200959277109905,0.4946394640959347,-0.07454353638494415
486,4,0.4598471300922429,0.4005345124421015,0.49838513926297073,-0.09785062682086926
487,4,0.5442866251300331,0.4713882328097128,0.4980348329530696,-0.02664660014335679
488,4,0.5157033810638831,0.40116797870248616,0.4997533429834787,-0.09858536428099252
489,4,0.6935543255139954,0.3688323588853903,0.4610170529110852,-0.0921846940256949
490,4,0.515982475355623,0.4331196359360632,0.4997444951988035,-0.06662485926274031
491,4,0.5231792477895523,0.455955362991023,0.49946243349416236,-0.043507070503139345
492,4,0.5891662807107205,0.46382483731336027,0.4919851363448056,-0.028160299031445346
493,4,0.6125655705520708,0.44122334846984296,0.48716423547535465,-0.04594088700551169
494,4,0.5172041783810102,0.46209346726644324,0.49970392858795337,-0.037610461321510136
495,4,0.4849138216231602,0.46240830275173234,0.4997723553999182,-0.037364052648185875
496,4,0.33733356854211116,0.4103230245920934,0.4727997801149615,-0.06247675552286808
497,4,0.4392547267022722,0.4025415400676206,0.49629629433634137,-0.09375475426872076
498,4,0.527522815666189,0.4591513335091923,0.4992419199324161,-0.04009058642322383
499,4,0.3743923594178101,0.4211113968537677,0.4839656192617151,-0.06285422240794741
500,4,0.517575410320442,0.4560536022928838,0.49969100947692474,-0.043637407184040966
501,4,0.30375033136597507,0.4290764134236697,0.45987614371810526,-0.030799730294435557
502,4,0.2583901505488658,0.39063092085621126,0.43774956384695607,-0.04711864299074481
503,4,0.35718834280896716,0.3834990276142699,0.4791709826046971,-0.09567195499042719
504,4,0.5576924488623556,0.4307179592404223,0.49666042860717674,-0.06594246936675446
505,4,0.5269326206283368,0.41086829605159436,0.49927410702547964,-0.08840581097388528
506,4,0.4871220054581096,0.47399311125962645,0.4998341297436371,-0.025841018484010658
507,4,0.4532568925288175,0.4337825701155254,0.4978102870611831,-0.06402771694565768
508,4,0.44829899867202383,0.4241738514605811,0.4973198231135419,-0.07314597165296077
509,4,0.5509947623807723,0.39771937105579297,0.4973927363861766,-0.09967336533038362
510,4,0.5259779249877689,0.4334579573333374,0.49932469137158625,-0.06586673403824883
511,4,0.5256344703466398,0.4564148487913175,0.49934244154692803,-0.04292759275561053
512,4,0.4774308180473311,0.45535670544273865,0.4994903723056004,-0.04413366686286174
513,4,0.3828951710387124,0.4512650390596929,0.4860930559408842,-0.034828016881191304
514,4,0.518323662199734,0.4097763161120223,0.49966413059533304,-0.08988781448331074
515,4,0.6442757791517095,0.4056929425590272,0.47873217935518725,-0.07303923679616003
516,4,0.49494690445316625,0.39238714683451653,0.49997446557338765,-0.10758731873887112
517,4,0.47020563508579843,0.4368104061105515,0.4991115063984795,-0.06230110028792801
518,4,0.6360993225134064,0.4018945970027848,0.48112054041725527,-0.07922594341447048
519,4,0.5836390448681266,0.43692155397200666,0.4929548764071084,-0.05603332243510173
520,4,0.508342117549835,0.36448012519445844,0.4999304042312137,-0.13545027903675527
521,4,0.5337038365208484,0.46270755401432184,0.4988627580846018,-0.036155204070279945
522,4,0.5236986391952612,0.4561396772922633,0.49943805872229324,-0.04329838143002995
523,4,0.5111279787204714,0.4332751370822388,0.49987615275145575,-0.06660101566921695
524,4,0.5162153625332973,0.3511728920181427,0.4997369928451502,-0.1485641008270075
525,4,0.6398861544985982,0.4147331047377062,0.4800331902895823,-0.06530008555187611
526,4,0.5161256849725684,0.39081745852546285,0.49973989462936164,-0.10892243610389879
527,4,0.5270584696849243,0.4455443992782609,0.49926730237249667,-0.053722903094235774
528,4,0.5711501344799894,0.4786357270577705,0.4949117682612522,-0.016276041203481695
529,4,0.6163884747449949,0.39683771714077787,0.4862650747756142,-0.08942735763483634
530,4,0.4595840549268678,0.3420463361199774,0.49836387447711894,-0.15631753835714152
531,4,0.48649096090148125,0.45272504731646934,0.49981747254636333,-0.047092425229893986
532,4,0.4258934886137967,0.4417739906437262,0.49447772949867674,-0.052703738854950555
533,4,0.49267787708380595,0.4507763916536979,0.49994638364128624,-0.04916999198758831
534,4,0.5860521048500875,0.4504656609047525,0.49253937431526174,-0.04207371341050925
535,4,0.5472313965162677,0.4384772351121256,0.49776419636522984,-0.05928696125310423
536,4,0.5101648870316023,0.46435703759888086,0.49989666439338715,-0.035539626794506285
537,4,0.7035135053053626,0.3575843553417533,0.4567080611926224,-0.0991237058508691
538,4,0.43074171717256426,0.443126305336805,0.4951800584229891,-0.052053753086184096
539,4,0.4677051182194061,0.45154778496956044,0.49895595057156844,-0.047408165602008
540,4,0.43713425647963866,0.4403864984709181,0.49603215449367005,-0.055645656022751955
541,4,0.5185868815253682,0.45421380740099854,0.4996544084016091,-0.04544060100061054
542,4,0.5034075491361387,0.47607895857306676,0.4999883884740573,-0.023909429900990542
543,4,0.46432848636078805,0.43587563780764116,0.49872591983441916,-0.062850282026778
544,4,0.37859983796329477,0.3711097299211153,0.4850381435077676,-0.11392841358665229
545,4,0.4695352415610071,0.47524850347469466,0.49907103551824544,-0.02382253204355078
546,4,0.44445970611447105,0.38313287251787836,0.49690570106923615,-0.11377282855135779
547,4,0.5291102392039215,0.4024265679837325,0.4991518746568928,-0.09672530667316032
548,4,0.5035729034825666,0.45535789908026214,0.49998723419773855,-0.04462933511747641
549,4,0.4165330128242873,0.4372871773228158,0.4929840383337065,-0.05569686101089072
550,4,0.477235049185963,0.47692412448847604,0.4994814881599062,-0.02255736367143013
551,4,0.4099071977812859,0.38050277115453285,0.4918163142763563,-0.11131354312182346
552,4,0.6097594981930801,0.42443915684029637,0.48780411289410347,-0.0633649560538071
553,4,0.4562727542446844,0.4496233471511914,0.4980842579109023,-0.048460910759710873
554,4,0.582902129310531,0.4485542893085132,0.4930793414408882,-0.04452505213237501
555,4,0.4916382750619026,0.4174981496852374,0.49993007666678707,-0.08243192698154966
556,4,0.31562746443804346,0.40867571962228594,0.4647652828368908,-0.05608956321460484
557,4,0.6350193707369185,0.4241382695541731,0.4814247288266428,-0.05728645927246967
558,4,0.5480550930795576,0.44854841808009543,0.4976853504264668,-0.04913693234637134
559,4,0.5277653189357472,0.41859762424591057,0.4992284918395546,-0.08063086759364402
560,4,0.49371149261873654,0.3733013964630924,0.4999604531109594,-0.12665905664786697
561,4,0.5494568143597509,0.4436696379377014,0.4975480112646267,-0.0538783733269253
562,4,0.4020959904868053,0.4183909289185467,0.4903211242861562,-0.07193019536760953
563,4,0.48480689170252533,0.4131068595130818,0.49976911615291036,-0.08666225663982857
564,4,0.42533313812467266,0.40740517578235197,0.49439342606641806,-0.0869882502840661
565,4,0.5122792497577948,0.3945796718523119,0.4998491972839265,-0.10526952543161461
566,4,0.4246896306109015,0.4523066467632305,0.4942958104844482,-0.04198916372121769
567,4,0.4410651281284801,0.4215080519678582,0.49651453239304844,-0.07500648042519026
568,4,0.49541687799476913,0.448273543519818,0.4999789945514563,-0.05170545103163826
569,4,0.47788659801339795,0.44910065690665235,0.4995107580949373,-0.05041010118828493
570,4,0.4584274952107656,0.4451487084205926,0.4982687295481717,-0.053120021127579076
571,4,0.5657104377371933,0.3814832092905854,0.4956633316802711,-0.11418012238968572
572,4,0.49539125834294984,0.46267124322656966,0.49997875904916056,-0.0373075158225909
573,4,0.5525357604267188,0.41712737767143193,0.49723233390074945,-0.08010495622931751
574,4,0.46529063929815634,0.4165104689608833,0.49879380537419393,-0.08228333641331065
575,4,0.4092531232528016,0.422668156415646,0.4916960487543385,-0.0690278923386925
576,4,0.4316151705407725,0.45855001829080494,0.49530143862079823,-0.03675142032999329
577,4,0.46982664325259715,0.4421344430047647,0.4990887381444245,-0.05695429513965983
578,4,0.5950402505983566,0.4663607796287728,0.49088425393997065,-0.024523474311197835
579,4,0.5356111694236496,0.4371125364999279,0.4987302323022739,-0.06161769580234605
580,4,0.6072425820172176,0.3798567528729739,0.488363623340519,-0.10850687046754515
581,4,0.41549708683345066,0.4171588581012387,0.49280752598389427,-0.07564866788265556
582,4,0.5435516044909101,0.3772016681626766,0.49809964640247173,-0.12089797823979515
583,4,0.5512255533889066,0.46346286110060564,0.497369020627542,-0.033906159526936375
584,4,0.4209453342746382,0.4050764859076756,0.4937108058641732,-0.08863431995649762
585,4,0.5784580564157118,0.4485178394181586,0.4938059673429119,-0.045288127924753285
586,4,0.5150257014563948,0.4195689920528794,0.4997741772998514,-0.08020518524697201
587,4,0.38701650922144426,0.4307149463303584,0.4870674807575353,-0.056352534427176915
588,4,0.5379660482875317,0.4502744991031488,0.4985564954721068,-0.04828199636895797
589,4,0.4780812506793593,0.4188211069340119,0.49951933739167587,-0.08069823045766394
590,4,0.6183442743225727,0.3383579202480833,0.48579278785822216,-0.14743486761013885
591,4,0.48675252998539015,0.41832180043392336,0.4998244737287401,-0.08150267329481675
592,4,0.47194185502874564,0.43983513592618606,0.49921211974547663,-0.059376983819290574
593,4,0.38043099656955526,0.45606351117814076,0.48549279440445897,-0.029429283226318215
594,4,0.5877863674537472,0.4278307540232978,0.49223323098839605,-0.06440247696509827
595,4,0.6249586787637037,0.396806782095056,0.48413358549229935,-0.08732680339724336
596,4,0.3697995727505591,0.4087454788890458,0.4827502964722684,-0.07400481758322264
597,4,0.5516712380760657,0.4410197936010358,0.4973229163789726,-0.056303122777936754
598,4,0.4649378141030841,0.41393158512220846,0.49876912807443297,-0.08483754295222451
599,4,0.6630110396681672,0.3917808522881558,0.4726810774151037,-0.08090022512694789
600,8,0.5071696448337126,0.3408913859640927,0.49994859355033533,-0.15905720758624264
601,8,0.5423339719804934,0.3501693259746654,0.4982046113961158,-0.14803528542145045
602,8,0.5517691635305848,0.3819207623115222,0.49731273229965023,-0.11539196998812801
603,8,0.4505683109714499,0.3464291403203291,0.49755050810926194,-0.15112136778893281
604,8,0.4511962059183102,0.3663795456591739,0.4976124894767333,-0.1312329438175594
605,8,0.46038257842416946,0.350937680181488,0.4984279886881182,-0.1474903085066302
606,8,0.5099661985020159,0.3757329629417845,0.49990066501998015,-0.12416770207819566
607,8,0.5708001827066542,0.33315796916675894,0.4949619522031005,-0.16180398303634158
608,8,0.5911546551034021,0.3907602138604207,0.49162061475591096,-0.10086040089549025
609,8,0.5289552886418465,0.31580435627150993,0.49916088714929113,-0.1833565308777812
610,8,0.494054341743594,0.3078773875773831,0.4999646478981269,-0.1920872603207438
611,8,0.43935587775745444,0.3788591957074794,0.49630866447950633,-0.11744946877202694
612,8,0.5149169527616764,0.3975916044544245,0.49977743498512006,-0.10218583053069558
613,8,0.4237343026406607,0.3718241948866086,0.4941493128663579,-0.12232511797974926
614,8,0.638456322022842,0.34234536572704777,0.4804475485335596,-0.13810218280651182
615,8,0.41535705012240076,0.40267057839121934,0.49278349306365593,-0.0901129146724366
616,8,0.5168048366812207,0.333121831202396,0.49971751766784955,-0.16659568646545353
617,8,0.5658724715992417,0.38800825158572383,0.4956418237854904,-0.10763357219976655
618,8,0.4615746805525612,0.35806139918437657,0.49852130829620744,-0.14045990911183087
619,8,0.4143311669280689,0.3250136371797855,0.4926061825029134,-0.1675925453231279
620,8,0.449742617903237,0.41436013889231665,0.49746778342399217,-0.08310764453167552
621,8,0.5412441412652951,0.3681671637794305,0.49829601725409,-0.13012885347465952
622,8,0.4891269213855999,0.3896870941725443,0.4998817621812633,-0.11019466800871897
623,8,0.5654732910521305,0.3219309230268337,0.49569471265972065,-0.17376378963288697
624,8,0.47420434039096515,0.3451962081596072,0.499334140576563,-0.15413793241695578
625,8,0.5516594229602549,0.32863000580343094,0.4973241438130804,-0.16869413800964944
626,8,0.5147026920342298,0.35920291895666356,0.4997837840976302,-0.14058086514096663
627,8,0.45345937648163503,0.4049890306473837,0.4978292582427451,-0.09284022759536142
628,8,0.5848915740947458,0.3775561126915371,0.492740723553185,-0.11518461086164788
629,8,0.4873079406525844,0.41360918104784056,0.4998388856716949,-0.08622970462385432
630,8,0.47161890169115306,0.35841675275265816,0.4991938634025698,-0.14077711064991166
631,8,0.45880442829775553,0.35481893688909616,0.49830003499109377,-0.1434810981019976
632,8,0.6367371892353328,0.3800949236345203,0.4809396439055745,-0.10084472027105418
633,8,0.45510273415286784,0.38189743874665605,0.49798015574865223,-0.11608271700199618
634,8,0.5465268844191316,0.38935676667052044,0.49783054248031905,-0.10847377580979861
635,8,0.6382776848558986,0.3887429739550099,0.4804989925805181,-0.0917560186255082
636,8,0.49007407311583495,0.38036304780249336,0.4999014662665936,-0.11953841846410024
637,8,0.39217115935649055,0.42614183333437805,0.48823451447585786,-0.06209268114147981
638,8,0.5194297486200327,0.37047869915115395,0.49962234224318103,-0.12914364309202708
639,8,0.45314697413485827,0.4021150072544297,0.4977999537638391,-0.0956849465094094
640,8,0.47028077523341383,0.3170330666353821,0.49911598619887254,-0.18208291956349043
641,8,0.49962611798561846,0.3730111127566464,0.49999986021221976,-0.12698874745557337
642,8,0.5346727682736254,0.3934294398646689,0.4987963503678064,-0.10536691050313751
643,8,0.4358392767582436,0.3583313598911944,0.49586631423509175,-0.13753495434389734
644,8,0.38593394861778063,0.33472234522079475,0.4868150941806025,-0.15209274895980773
645,8,0.5291444285983937,0.3616828162472097,0.4991498795769394,-0.1374670633297297
646,8,0.5306016724764939,0.34804115407485287,0.499062659033554,-0.15102150495870115
647,8,0.5183466160575267,0.32276644353367256,0.4996632883044718,-0.17689684477079926
648,8,0.5130044542933578,0.37873872091355476,0.49983085555868995,-0.12109213464513519
649,8,0.48943115571111606,0.3226247043546061,0.4998882870506143,-0.17726358269600817
650,8,0.49046846244756925,0.3447053835674786,0.49990914153662624,-0.15520375796914765
651,8,0.4947596037664945,0.3748169581843494,0.4999725374931266,-0.1251555793087772
652,8,0.4837287066434478,0.3504158029617769,0.49973517488016095,-0.14931937191838407
653,8,0.5560569819338855,0.38157308141112606,0.496847677640204,-0.11527459622907793
654,8,0.5820070787610778,0.3814538269140306,0.49322899249037905,-0.11177516557634842
655,8,0.46329502752493734,0.36730928369312255,0.4986509249922283,-0.13134164129910575
656,8,0.41675939493575037,0.3790671481166422,0.4930223135604895,-0.11395516544384726
657,8,0.47414888334231153,0.38152796103241166,0.49933127257117654,-0.11780331153876489
658,8,0.396041983703762,0.3798198199757412,0.4890733389255144,-0.1092535189497732
659,8,0.49933999909470017,0.37856224937209554,0.49999956439861526,-0.12143731502651972
660,8,0.5418216600895194,0.3775245653902801,0.49824787881872284,-0.12072331342844272
661,8,0.519494559910215,0.34732693446528806,0.49961981759524615,-0.1522928831299581
662,8,0.4492694768978645,0.37023181329272814,0.49741975636858626,-0.12718794307585812
663,8,0.5759848242722214,0.34087239441141776,0.49419258035741453,-0.15332018594599678
664,8,0.49331052708831236,0.3014596645538089,0.49995524894950727,-0.19849558439569837
665,8,0.4855129300659113,0.3566322945841744,0.4997900807386285,-0.14315778615445413
666,8,0.5060874879843941,0.2823712927906994,0.49996294111667905,-0.21759164832597966
667,8,0.5741363804519551,0.3573456148539623,0.49447325215170435,-0.13712763729774202
668,8,0.41454084358956367,0.3747992488192631,0.49264260126953757,-0.1178433524502745
669,8,0.5280139282423844,0.3165121308692129,0.49921460297594517,-0.18270247210673224
670,8,0.5985731592009955,0.3855996496107904,0.49018703806316133,-0.10458738845237092
671,8,0.5501590092940458,0.3836229807772423,0.49747771184912376,-0.11385473107188149
672,8,0.500141608190192,0.3652984411706452,0.4999999799471201,-0.1347015387764749
673,8,0.5719300351491037,0.38220888206160847,0.4947990198489167,-0.11259013778730825
674,8,0.5641383990053175,0.36913197847541046,0.49586920228325804,-0.12673722380784758
675,8,0.5294657946728897,0.3591598816658562,0.49913101180381,-0.13997113013795376
676,8,0.5103219174527884,0.3794831612244258,0.49989344666648494,-0.12041028544205912
677,8,0.4990736927767715,0.35087064178397226,0.499999141954192,-0.14912850017021972
678,8,0.4180150310310472,0.3902609095554561,0.4932326680818697,-0.1029717585264136
679,8,0.48594108673429504,0.35185735823073494,0.49980230787561136,-0.14794494964487642
680,8,0.527288136314679,0.3242008372647336,0.4992548022968547,-0.17505396503212112
681,8,0.34377027066033417,0.3254150645214191,0.4749655478773747,-0.1495504833559556
682,8,0.5245126969319833,0.36931168639177514,0.49939876620704693,-0.1300870798152718
683,8,0.448669273376762,0.3833674431201008,0.4973581772770308,-0.11399073415693001
684,8,0.4958503231043073,0.3815753837268696,0.499982779885129,-0.1184073961582594
685,8,0.46255553261926485,0.38153013082690435,0.4985959404794358,-0.11706580965253144
686,8,0.4988752856752271,0.37629196789966685,0.4999987350160875,-0.12370676711642065
687,8,0.561159406101897,0.3783960112612305,0.4962454302512651,-0.1178494189900346
688,8,0.4930762052015356,0.403664276142758,0.499952058767227,-0.09628778262446896
689,8,0.5297674485265915,0.33809007487373605,0.4991131124386703,-0.16102303756493425
690,8,0.49964238666293753,0.3634249487590317,0.49999987211268476,-0.13657492335365307
691,8,0.5252545815733018,0.3620915630592072,0.499361798808797,-0.1372702357495898
692,8,0.5332896782521819,0.3131606833725182,0.49889056647912894,-0.18572988310661076
693,8,0.5991753346644934,0.32175861681664814,0.4900655598939654,-0.16830694307731725
694,8,0.6147445808866241,0.3701424020480349,0.4866556083691556,-0.11651320632112072
695,8,0.539137796859914,0.39779481797659116,0.4984658793307242,-0.10067106135413306
696,8,0.5101386152732589,0.3626705381940241,0.49989719791207154,-0.13722665971804743
697,8,0.45874071449129694,0.3129307159360376,0.4982947635278855,-0.18536404759184788
698,8,0.4399892821884513,0.4084097019887437,0.49638565022343534,-0.08797594823469163
699,8,0.43325419597868453,0.29443701462130234,0.4955249717678698,-0.20108795714656746
700,8,0.4858725745497482,0.37065322580450455,0.4998003760004064,-0.12914715019590184
701,8,0.42984214459698766,0.3837186110431501,0.49505340653837543,-0.11133479549522535
702,8,0.4972645428929183,0.3608285973433164,0.4999925172184233,-0.1391639198751069
703,8,0.47433182327527496,0.3280580678839007,0.49934071004037744,-0.17128264215647676
704,8,0.514084748224875,0.3913584968998812,0.49980158049714274,-0.10844308359726151
705,8,0.572386200879089,0.3386847536616408,0.4947324912741149,-0.1560477376124741
706,8,0.4990535671064436,0.3936239700382877,0.4999991042639757,-0.106375134225688
707,8,0.5696878872894899,0.3880685920813456,0.49511978183579713,-0.10705118975445155
708,8,0.4546104866117616,0.3490749002748884,0.4979355300381556,-0.1488606297632672
709,8,0.414180512943389,0.3092202453885201,0.49257995862736864,-0.18335971323884853
710,8,0.43311940295968765,0.3219777615882833,0.49550679686512006,-0.17352903527683677
711,8,0.562039181483128,0.32296558638345213,0.4961362110962105,-0.17317062471275835
712,8,0.5231519156417854,0.37935724748871097,0.49946370118569744,-0.12010645369698647
713,8,0.5836511158889974,0.38342638964740006,0.49295282817986297,-0.10952643853246291
714,8,0.45906951762676845,0.3415252160792,0.4983218795243638,-0.1567966634451638
715,8,0.512943130786523,0.41945928107702285,0.4998324472915328,-0.08037316621450996
716,8,0.46022668952926915,0.3890890401194491,0.4984155733664417,-0.1093265332469926
717,8,0.48302455131216226,0.33958968284332264,0.4997117510543919,-0.16012206821106928
718,8,0.37877349559313356,0.3847276799280332,0.4850815752317253,-0.1003538953036921
719,8,0.5528108179352501,0.3496242637000315,0.4972031953930001,-0.1475789316929686
720,8,0.5705944811099175,0.3927300820789319,0.4949913324865613,-0.1022612504076294
721,8,0.5537014539551532,0.3754730754108056,0.49710778895839336,-0.12163471354758776
722,8,0.5561531159851352,0.36525243097738097,0.49683682186927325,-0.13158439089189228
723,8,0.5049032968556249,0.3717785033821806,0.4999759571018847,-0.1281974537197041
724,8,0.5125421280096835,0.40173818752153434,0.4998426702723455,-0.09810448275081118
725,8,0.5148857887170065,0.36075101716549823,0.4997783641718323,-0.13902734700633407
726,8,0.4494900694333566,0.40090270588247123,0.4974422045968284,-0.09653949871435719
727,8,0.4786188247590889,0.3876437616734939,0.49954263616363864,-0.11189887449014474
728,8,0.45677491041390844,0.330959206306937,0.4981280875741443,-0.1671688812672073
729,8,0.42055344040735865,0.3603874445973354,0.4936478949300735,-0.1332604503327381
730,8,0.4347699401951328,0.36599935001117817,0.4957267788791054,-0.1297274288679272
731,8,0.5034118682712343,0.3980882790028307,0.4999883590193873,-0.1019000800165566
732,8,0.5119206518709127,0.3289254649472503,0.4998578778602699,-0.17093241291301964
733,8,0.5131487371809238,0.40602242071452516,0.49982708080950056,-0.0938046600949754
734,8,0.4978515944675925,0.34777769697099714,0.4999953843323639,-0.15221768736136676
735,8,0.6265033061834612,0.34410456746401985,0.4837322746361395,-0.13962770717211964
736,8,0.5148249733268143,0.3767325244164089,0.49978017184143997,-0.12304764742503105
737,8,0.5636895066336681,0.4225945014259373,0.49592705788730657,-0.07333255646136927
738,8,0.4961350719729075,0.3736306586666386,0.4999850621082048,-0.12635440344156623
739,8,0.45669523211479157,0.31796218842469715,0.49812116706521137,-0.18015897864051422
740,8,0.545998405658042,0.36246140879602246,0.497879650796172,-0.13541824200014957
741,8,0.5285797586318489,0.3482903382345423,0.4991825291379349,-0.15089219090339262
742,8,0.42246038002323727,0.40918745597155565,0.4939510171402213,-0.08476356116866568
743,8,0.4347591883911961,0.3426643566310699,0.49572536398758593,-0.153061007356516
744,8,0.4459651200286136,0.37565142024745457,0.49707165655112323,-0.12142023630366866
745,8,0.42919567921331214,0.3687695765725035,0.4949613602675827,-0.12619178369507922
746,8,0.4893925355196279,0.36584742840518125,0.4998874690340793,-0.13404004062889807
747,8,0.38568845386710016,0.34269593261960757,0.4867575067944057,-0.14406157417479815
748,8,0.476064617667159,0.3664599665340188,0.4994267688786622,-0.13296680234464342
749,8,0.5737014190846746,0.36313238390003305,0.49453827033396025,-0.1314058864339272
750,8,0.5491989642110974,0.3702059855927422,0.4975735743792622,-0.12736758878652
751,8,0.45196917310926793,0.36431180044660255,0.49768769290408676,-0.1333758924574842
752,8,0.47632245972596954,0.31826645798540293,0.4994390594322511,-0.18117260144684816
753,8,0.48965105568075307,0.31818155619255517,0.4998928878784705,-0.18171133168591536
754,8,0.45996985027019494,0.3583871823785636,0.4983950111233151,-0.14000782874475148
755,8,0.4067118292647409,0.38508492432058933,0.4912202328903698,-0.10613530856978048
756,8,0.3820394557764383,0.3811878804532035,0.48588610806081,-0.1046982276076065
757,8,0.5382858089391591,0.3885696476660168,0.4985320419329877,-0.10996239426697091
758,8,0.5384893944207032,0.3683979246234378,0.498516365345339,-0.1301184407219012
759,8,0.4744791980140807,0.38547493663836735,0.4993482639060593,-0.11387332726769195
760,8,0.41485134622801456,0.3543648357786622,0.4926963636569876,-0.13833152787832542
761,8,0.4816015605428298,0.3969335978074705,0.4996613827639082,-0.1027277849564377
762,8,0.4413190802771747,0.36390918740710204,0.4965446099400167,-0.13263542253291466
763,8,0.5062641056590758,0.3244631899913422,0.4999607594404704,-0.1754975694491282
764,8,0.44756870326357606,0.3715744316459556,0.4972433600587715,-0.1256689284128159
765,8,0.4175746263310887,0.32343795739712666,0.4931592620802537,-0.16972130468312702
766,8,0.5019445903324695,0.36471174589652655,0.49999621855413956,-0.135284472657613
767,8,0.478741486299741,0.36095191743168625,0.49954787117478133,-0.13859595374309508
768,8,0.5619571098426754,0.37377409708182985,0.4961464668219886,-0.12237236974015875
769,8,0.4360695110055844,0.3489969197389359,0.49589605017275035,-0.14689913043381447
770,8,0.489338135132125,0.39647667308339957,0.49988631171251247,-0.1034096386291129
771,8,0.3474478430667485,0.3578922725724793,0.47615946847144874,-0.11826719589896945
772,8,0.31776382815775817,0.31476232347990896,0.46560710655260074,-0.15084478307269178
773,8,0.4659328326471647,0.3415025629128112,0.49883807804592656,-0.15733551513311533
774,8,0.4681548790040577,0.3726290323986337,0.49898485775497614,-0.12635582535634243
775,8,0.5610387174803224,0.33009739494799906,0.49626028953398776,-0.1661628945859887
776,8,0.4072775593079929,0.39494829575130525,0.4913273338540379,-0.09637903810273263
777,8,0.3581387919124057,0.3881233266643273,0.4794532277917506,-0.09132990112742329
778,8,0.41176283421586884,0.35405232220243127,0.4921526212206776,-0.13810029901824633
779,8,0.46632317231335174,0.39266430454610945,0.49886458210316337,-0.10620027755705391
780,8,0.6195713981241324,0.350653387587047,0.48549220462396736,-0.13483881703692036
781,8,0.49632669060728124,0.3430023187506346,0.499986506616034,-0.15698418786539942
782,8,0.46650921395851064,0.37191003606278505,0.49887710636019683,-0.12696707029741178
783,8,0.39181674933848787,0.36785110386289177,0.48815610646217306,-0.12030500259928129
784,8,0.470319012215219,0.35368043885039224,0.49911826150133964,-0.1454378226509474
785,8,0.512373627372354,0.3986124963248742,0.49984686989682164,-0.10123437357194742
786,8,0.5107520699614272,0.3389236638489567,0.4998843796234731,-0.16096071577451637
787,8,0.3901926125863846,0.36014882527517067,0.4877933349989483,-0.1276445097237776
788,8,0.43903047942686696,0.3640823677501465,0.4962687956753702,-0.13218642792522367
789,8,0.5465360423780978,0.3498543946990704,0.49782968649909165,-0.14797529180002122
790,8,0.4077431184966259,0.33075911650234713,0.4914149649891346,-0.1606558484867875
791,8,0.5064428560044294,0.4106959176937645,0.49995848788325037,-0.08926257018948586
792,8,0.47043733691418904,0.31618895682019355,0.49912528382288435,-0.1829363270026908
793,8,0.483779939561261,0.3648621258133229,0.4997368403863814,-0.1348747145730585
794,8,0.5151199862752446,0.3738505918671197,0.4997713337267719,-0.12592074185965219
795,8,0.5039099671653351,0.39148020274226614,0.4999847119230407,-0.10850450918077459
796,8,0.5121635419488899,0.3555712139679891,0.4998520263510568,-0.14428081238306772
797,8,0.5261385331546115,0.39171764017556393,0.4993163096520334,-0.10759866947646946
798,8,0.5058987362723055,0.4062952208877495,0.4999652036996073,-0.09366998281185779
799,8,0.5957194827777905,0.34349310391543336,0.49075225992016813,-0.14725915600473477
800,16,0.5279744176607652,0.25180452992131447,0.49921681858340977,-0.2474122886620953
801,16,0.475470104540157,0.2936306179180969,0.4993979217304865,-0.2057673038123896
802,16,0.5118017432594751,0.2827088875441676,0.4998606994513946,-0.217151811907227
803,16,0.5036793786669715,0.2888200991693677,0.4999864619893473,-0.21116636281997964
804,16,0.4978175825026387,0.28751024329375996,0.4999952370311813,-0.21248499373742136
805,16,0.5399861105585703,0.2568626532309568,0.4983985463084717,-0.24153589307751488
806,16,0.5560042030672433,0.28709259587384756,0.49685362959205903,-0.20976103371821148
807,16,0.47631787898675687,0.29136108482208106,0.4994388422462896,-0.20807775742420853
808,16,0.5538177040890115,0.23856554614150036,0.49709521696209025,-0.25852967082058986
809,16,0.4261736113890702,0.2778587870584785,0.4945196298881046,-0.2166608428296261
810,16,0.5219480152162421,0.27780580477524003,0.4995180523545346,-0.22171224757929459
811,16,0.5775577658833454,0.291195241763956,0.49394816828406624,-0.20275292652011023
812,16,0.4131671337188832,0.28532231778813905,0.4924023287245966,-0.20708001093645756
813,16,0.5256492483960288,0.2780780710767344,0.49934168267501844,-0.22126361159828406
814,16,0.5624358480032191,0.31894412981692805,0.49608644900271054,-0.1771423191857825
815,16,0.5079422190763623,0.305867971189901,0.49993691717670047,-0.19406894598679947
816,16,0.5316482925407805,0.2987058162042016,0.49899738033305663,-0.20029156412885502
817,16,0.5828374668779818,0.24908103963141026,0.49309020886774796,-0.2440091692363377
818,16,0.4834704349647757,0.2557108516066503,0.4997266987861928,-0.2440158471795425
819,16,0.4596651720062668,0.2703702984208613,0.49837044620514565,-0.22800014778428435
820,16,0.48755397374175435,0.27030883823394164,0.49984507242782644,-0.2295362341938848
821,16,0.4925858054860164,0.27080491022448117,0.49994502669764485,-0.22914011647316368
822,16,0.5686771667386801,0.25008220560249916,0.4952609885391212,-0.24517878293662204
823,16,0.5865660594972757,0.2653952383234069,0.49244930433813605,-0.22705406601472916
824,16,0.552295702604893,0.2899713372896948,0.4972576389449041,-0.20728630165520928
825,16,0.48532204096635356,0.2818103031562323,0.4997845110831333,-0.21797420792690103
826,16,0.4343618509802663,0.28847771076536033,0.4956729096826487,-0.20719519891728838
827,16,0.5010612813261053,0.27233705147556275,0.4999988736806783,-0.22766182220511555
828,16,0.4650286774657953,0.27583485148824094,0.4987755072176346,-0.22294065572939364
829,16,0.5525719031900964,0.3108709621840395,0.49722851385954436,-0.18635755167550488
830,16,0.5074929406126825,0.25624418873479027,0.4999438526884542,-0.24369966395366394
831,16,0.4987195647859878,0.3084364639017474,0.4999983604829747,-0.1915618965812273
832,16,0.635109519241579,0.29813449506465783,0.48139943686123,-0.18326494179657216
833,16,0.5600682727796182,0.22960640216030936,0.49637868870981294,-0.2667722865495036
834,16,0.5602490576309378,0.2673411959738171,0.49635677798795486,-0.22901558201413774
835,16,0.44664960316932656,0.27601540081932807,0.49714558748721654,-0.22113018666788847
836,16,0.5439486847436537,0.2636530523971546,0.4980647679863563,-0.2344117155892017
837,16,0.4967432992061933,0.26861525590194846,0.4999893937874479,-0.23137413788549943
838,16,0.4810005657323199,0.2505424995951048,0.49963889109786885,-0.24909639150276408
839,16,0.4389563836790092,0.24263268876129573,0.4962596869648548,-0.25362699820355905
840,16,0.4816216011784991,0.29129892536437396,0.4996621202940622,-0.20836319492968824
841,16,0.41779317448492026,0.24629666751826335,0.49319573988299337,-0.24689907236473002
842,16,0.5175294659094459,0.3008052948163399,0.49969262334452125,-0.19888732852818136
843,16,0.454808830491068,0.27244890217026935,0.4979535703239962,-0.22550466815372683
844,16,0.5044784877260116,0.2700020798512699,0.4999799427453945,-0.22997786289412459
845,16,0.5572438858370554,0.30236999954875343,0.4967123287520395,-0.1943423292032861
846,16,0.4802810156391129,0.2494588190090753,0.49961101034282174,-0.25015219133374644
847,16,0.46763945951116925,0.25543437805311986,0.49895169647899856,-0.2435173184258787
848,16,0.5279626745158148,0.2968490326743833,0.4992174764908803,-0.202368443816497
849,16,0.45382805129901593,0.28626129492790914,0.49786358689218646,-0.21160229196427732
850,16,0.4997579708295923,0.28301434052980395,0.49999994142187726,-0.2169856008920733
851,16,0.5358750433768159,0.28814670227222344,0.4987113205680332,-0.21056461829580975
852,16,0.5261393186888064,0.22423176686291338,0.49931626852976163,-0.2750845016668483
853,16,0.46540320734859486,0.2633012425135225,0.49880162583760257,-0.23550038332408008
854,16,0.5366884833273883,0.26407323909649205,0.498652138460406,-0.23457889936391396
855,16,0.4705767834186422,0.2339121569636906,0.4991335235445587,-0.2652213665808681
856,16,0.4657483343073998,0.27821886625273073,0.49882544381505073,-0.22060657756232
857,16,0.4593830851644132,0.2576691358573472,0.4983475355906144,-0.2406783997332672
858,16,0.474447518600137,0.30290025095162176,0.49934664382001176,-0.19644639286839
859,16,0.5059127659052635,0.28302504389413596,0.49996503797700653,-0.21693999408287057
860,16,0.5697404840014975,0.26947249147152724,0.49511237602309727,-0.22563988455157002
861,16,0.5057447091821006,0.2334234671251733,0.4999669972272301,-0.2665435301020568
862,16,0.47042069186748325,0.2743377626576022,0.4991242976758411,-0.22478653501823892
863,16,0.5588742439749831,0.26977127025152814,0.49652172499939434,-0.2267504547478662
864,16,0.557412362942913,0.27557634532083863,0.49669288356217794,-0.2211165382413393
865,16,0.4871789924561467,0.28534853389676473,0.49983559473646977,-0.21448706083970503
866,16,0.44672552837543866,0.26494007512119455,0.4971537294168915,-0.23221365429569696
867,16,0.47456291718147275,0.2832794711383082,0.4993525356075439,-0.2160730644692357
868,16,0.5316149034854558,0.2767629410536079,0.49899949687109435,-0.22223655581748647
869,16,0.5232977633692393,0.29157524347909325,0.49945691928532826,-0.207881675806235
870,16,0.46859526782242833,0.26523223051179656,0.49901276817016915,-0.2337805376583726
871,16,0.5032152422395613,0.2613454673048784,0.49998966211046897,-0.23864419480559057
872,16,0.5599945028464622,0.27876674356292563,0.4963876102686346,-0.21762086670570896
873,16,0.4191504097665608,0.2764671613575673,0.4934200479906395,-0.21695288663307216
874,16,0.531493106986648,0.25883895865448253,0.49900719855762354,-0.240168239903141
875,16,0.5114914851149865,0.2870521434915273,0.4998679283269252,-0.21281578483539793
876,16,0.5267119494037771,0.2822609452995899,0.49928596190865415,-0.21702501660906426
877,16,0.5400752687342741,0.31015511434057624,0.49839138519428255,-0.1882362708537063
878,16,0.478410185378136,0.26883684999602536,0.499533662433868,-0.23069681243784262
879,16,0.533889715699151,0.2587933175226045,0.49885016504941715,-0.24005684752681267
880,16,0.4359402600135837,0.32070138454886077,0.4958793701222836,-0.17517798557342285
881,16,0.4639909365037813,0.3004628773316563,0.49870166166368973,-0.19823878433203346
882,16,0.46805388960272554,0.2849547169901776,0.498978402368765,-0.2140236853785874
883,16,0.5106461980276247,0.3035342802536002,0.49988664561834073,-0.19635236536474054
884,16,0.48173028571551835,0.289756534467236,0.4996661060547968,-0.2099095715875608
885,16,0.5081162302758986,0.2743667453043679,0.4999341224662591,-0.22556737716189124
886,16,0.4536100293067279,0.2524719088718552,0.4978433193476411,-0.24537141047578587
887,16,0.4714207271719114,0.2664458974325463,0.4991825569514801,-0.2327366595189338
888,16,0.4868123301893715,0.2966724470529972,0.4998260551081405,-0.20315360805514326
889,16,0.4632804188622823,0.25205376657093653,0.49864984945457524,-0.2465960828836387
890,16,0.561649725446121,0.28157698632627925,0.4961847552599917,-0.21460776893371247
891,16,0.45314411715651853,0.31878151971931845,0.49779968485622605,-0.1790181651369076
892,16,0.4783599743596427,0.28037892877985315,0.49953148978846634,-0.2191525610086132
893,16,0.5182538151999015,0.30426144120795384,0.49966668713318063,-0.1954052459252268
894,16,0.5756571533202716,0.29082815521364336,0.49424285037972265,-0.2034146951660793
895,16,0.5412256790910883,0.2746337060619768,0.4982975450305556,-0.22366383896857883
896,16,0.5022051083965822,0.31248292948558193,0.49999513747331514,-0.18751220798773321
897,16,0.5332752211883949,0.23282260448285338,0.49889153095123134,-0.266068926468378
898,16,0.5873171902092365,0.29086607249600205,0.4923166748079573,-0.20145060231195527
899,16,0.571891397733254,0.26012417020071177,0.49480463511567785,-0.23468046491496608
900,16,0.5219569922891061,0.28740880640455085,0.49951765783565266,-0.2121088514311018
901,16,0.561094266588027,0.23384184770921984,0.4962534539830137,-0.26241160627379384
902,16,0.4897590974322844,0.27017852607740556,0.4998951129132976,-0.22971658683589202
903,16,0.5224568003643979,0.2682735325098199,0.4994954375341116,-0.23122190502429169
904,16,0.4832004556300506,0.2618175105744712,0.4997176956131953,-0.23790018503872407
905,16,0.5181795842468934,0.29090712352975256,0.49966939341589667,-0.2087622698861441
906,16,0.5062448577872095,0.2970399473478403,0.4999610002302355,-0.2029210528823952
907,16,0.5118632830633257,0.24848280558423064,0.49985924270234255,-0.2513764371181119
908,16,0.4804463388899555,0.30175573169348724,0.4996175080370918,-0.19786177634360458
909,16,0.5342933090499368,0.2540515148247239,0.4988225826427724,-0.24477106781804853
910,16,0.4846836858043203,0.2571612672620254,0.4997653554613997,-0.24260408819937435
911,16,0.48800490617249204,0.3145823209893241,0.4998560970160005,-0.18527377602667638
912,16,0.4796970359787324,0.29240496530271465,0.4995876195943521,-0.20718265429163746
913,16,0.49147271364420697,0.26001882339128257,0.4999272800992223,-0.23990845670793975
914,16,0.5343379555356388,0.27683860863480914,0.4988195112559577,-0.22198090262114856
915,16,0.44939858026534774,0.3042481227576897,0.497432906351035,-0.1931847835933453
916,16,0.49095443335655137,0.2350318691757467,0.49991817102811825,-0.26488630185237155
917,16,0.5021405783288879,0.26498152627609095,0.4999954179034223,-0.23501389162733133
918,16,0.5420515222579965,0.28183694419708705,0.4982285313746948,-0.21639158717760776
919,16,0.49673686232730463,0.2821904507014576,0.4999893518191453,-0.21779890111768768
920,16,0.4858006292897072,0.30527758447250997,0.4997983372035482,-0.19452075273103825
921,16,0.5374793054962104,0.2943695996523483,0.49859332291911185,-0.20422372326676352
922,16,0.5129682060954428,0.3036375934480048,0.4998317973385308,-0.196194203890526
923,16,0.536084997529307,0.26507797033284,0.49869617298843383,-0.23361820265559385
924,16,0.5249917335822175,0.21701491236076403,0.4993750226558748,-0.28236011029511077
925,16,0.540103655042371,0.28863411504242076,0.4983891018594232,-0.20975498681700244
926,16,0.5441041976177541,0.2835079807374436,0.4980510212342648,-0.2145430404968212
927,16,0.5094226334414181,0.3132694819522317,0.49991120609467105,-0.18664172414243935
928,16,0.6109195043318789,0.30126362361586123,0.4875416531526002,-0.18627802953673894
929,16,0.44169754092838354,0.2510467739367213,0.496589189638883,-0.24554241570216168
930,16,0.4400402235353069,0.26658309566957716,0.49639180614339723,-0.22980871047382007
931,16,0.5040546419560346,0.2748878411497533,0.4999835596083219,-0.22509571845856863
932,16,0.5129328734598884,0.25502700030601333,0.49983271279906294,-0.2448057124930496
933,16,0.4975551844480577,0.26858433768700546,0.49999402284119054,-0.23140968515418509
934,16,0.4729712456148028,0.24070244970576984,0.49926891194664297,-0.2585664622408731
935,16,0.4325463105021156,0.2515300521091145,0.4954291067076328,-0.2438990545985183
936,16,0.4970934350544875,0.2722307099459337,0.4999915518088456,-0.2277608418629119
937,16,0.5357732271044472,0.2641849783617524,0.4987186343245394,-0.23453365596278697
938,16,0.45895886115250595,0.23531117930369294,0.4983127782047142,-0.26300159890102126
939,16,0.520109235448188,0.3119917699772886,0.49959545499302666,-0.18760368501573804
940,16,0.5643867250681989,0.24480149227247502,0.49583701922606804,-0.251035526953593
941,16,0.42857516312121713,0.3118346818831489,0.49487219832684,-0.1830375164436911
942,16,0.40099458628683193,0.2531485122683944,0.49009991640020145,-0.23695140413180704
943,16,0.4578458966711545,0.2718179217382149,0.4982198626836761,-0.22640194094546118
944,16,0.5122833201992656,0.2629647854487866,0.49984909727324933,-0.23688431182446273
945,16,0.4608169104345236,0.26812095190024493,0.498462321035506,-0.23034136913526104
946,16,0.5324865495614832,0.2754290282026521,0.4989435079220786,-0.2235144797194265
947,16,0.5012733886531082,0.25048325369469016,0.4999983784787088,-0.24951512478401866
948,16,0.4317734910101962,0.2922563737918064,0.49532327168331614,-0.20306689789150972
949,16,0.43610680835128185,0.2951606638431302,0.4959008570883299,-0.2007401932451997
950,16,0.45559177280243635,0.2873525051592557,0.4980240048001397,-0.210671499640884
951,16,0.44837189976691594,0.2825870270524967,0.49732739645662255,-0.21474036940412583
952,16,0.489537191619414,0.2987377888063283,0.4998905176544071,-0.20115272884807883
953,16,0.5427560929070533,0.2968455271086985,0.4981685623554777,-0.2013230352467792
954,16,0.4682781714648352,0.2568813229614537,0.49899271096318193,-0.2421113880017282
955,16,0.4739602913234719,0.28371218895565253,0.4993214731733871,-0.21560928421773456
956,16,0.4673165360825914,0.2769027959451746,0.49893064767195794,-0.22202785172678335
957,16,0.4577043190266904,0.27973656518835305,0.498207863618193,-0.21847129842983998
958,16,0.46978920113758516,0.30002496470067064,0.499086473100699,-0.19906150840002834
959,16,0.46890933519353517,0.29828108787495294,0.49903243437866046,-0.20075134650370752
960,16,0.5323935332528213,0.25766075497622365,0.4989495555698976,-0.24128880059367397
961,16,0.46490753907681553,0.3135705383169512,0.4987669988946289,-0.1851964605776777
962,16,0.5283129029508278,0.27068072665049014,0.49919773589880895,-0.2285170092483188
963,16,0.37760016566557103,0.2767876442440191,0.48478684032768915,-0.20799919608367007
964,16,0.5189341849625606,0.2577963783128092,0.49964136802290854,-0.24184498971009932
965,16,0.5203510059161154,0.2737006322997171,0.4995856648846144,-0.22588503258489734
966,16,0.5149105166269503,0.27384590255173047,0.49977762704418593,-0.22593172449245547
967,16,0.526521203626332,0.290070302911433,0.4992961303256922,-0.2092258274142592
968,16,0.48561347354408646,0.2597726956629249,0.49979298500132363,-0.24002028933839875
969,16,0.5054988008889367,0.27465209388960554,0.49996976227446377,-0.22531766838485823
970,16,0.4325752500863956,0.26505410665840584,0.4954330460305287,-0.23037893937212284
971,16,0.512944245954682,0.3206882039459846,0.4998324184130764,-0.17914421446709183
972,16,0.5069067240484872,0.30183730350451926,0.49995229488714027,-0.198114991382621
973,16,0.45948660038670264,0.2608301547274521,0.498355961589478,-0.2375258068620259
974,16,0.4899689289179705,0.2520807570091503,0.4998993674860444,-0.24781861047689413
975,16,0.5150276382494267,0.28569858151178823,0.4997741190664482,-0.21407553755465997
976,16,0.569426984197438,0.2641170002904146,0.49515643373104695,-0.23103943344063232
977,16,0.5105925668381502,0.286690021247521,0.49988778493555863,-0.2131977636880376
978,16,0.5380410941170035,0.25004897050812686,0.4985507749050053,-0.24850180439687847
979,16,0.4589226569282311,0.23413983917873454,0.49830979509353834,-0.2641699559148038
980,16,0.4776903727351415,0.3427699978205778,0.4995020325597315,-0.1567320347391537
981,16,0.506986699574869,0.2619613784737813,0.4999511836460141,-0.23798980517223278
982,16,0.4687695843516159,0.25921095527245075,0.4990237079923449,-0.23981275271989416
983,16,0.5172475438777548,0.29623038502529453,0.49970243368447276,-0.20347204865917823
984,16,0.5177832553225078,0.2991776757038299,0.49968365575645407,-0.20050598005262416
985,16,0.551260537660953,0.24801122482469412,0.4973654162471593,-0.24935419142246518
986,16,0.3929099562161191,0.2607702628747298,0.4883970951207291,-0.22762683224599928
987,16,0.45966488591602883,0.29336201975279175,0.49837042305079965,-0.2050084032980079
988,16,0.4610870726464307,0.23123080186154146,0.4984834842648007,-0.2672526824032593
989,16,0.4813053471129768,0.2991772520134124,0.49965038772469067,-0.20047313571127828
990,16,0.4931980971745791,0.269477179412455,0.4999537319772236,-0.23047655256476857
991,16,0.4910667357317755,0.2706115552112258,0.499920190419945,-0.2293086352087192
992,16,0.4959466322458498,0.2776244791018554,0.49998356993990273,-0.22235909083804734
993,16,0.5145280948021833,0.28037341225920015,0.4997888898939419,-0.21941547763474173
994,16,0.4662394912786701,0.3258992832550359,0.49885892600100584,-0.17295964274596992
995,16,0.503708694663532,0.29355276804154196,0.4999862453947035,-0.20643347735316153
996,16,0.4583233896461461,0.21926512999306008,0.4982600326630795,-0.2789949026700194
997,16,0.5686215565363757,0.21934780471914406,0.49526869674806323,-0.2759208920289192
998,16,0.44614492811424017,0.24830886216290787,0.49709116993986086,-0.24878230777695298
999,16,0.46646140878777576,0.3296960407711602,0.49887389478654753,-0.16917785401538732
